Ranking,Nome,Plataforma,Nicho,Estado,Seguidores,Curtidas Médias,Taxa de Engajamento (%),Patrimônio (Milhões R$)
1,Felipe Neto,YouTube,Humor,Rio de Janeiro,85176955,928700,1.09,91.74
2,Larissa Manoela,Instagram,Atriz/Infantil,São Paulo,72868828,1436213,1.97,112.79
3,Anitta,Instagram,Música,Rio de Janeiro,60868105,1403091,2.31,480.75
4,Gisele Bündchen,Instagram,Moda,Rio Grande do Sul,58566572,2637108,4.5,272.08
5,Whindersson Nunes,Instagram,Humor,Piauí,54942603,604902,1.1,383.7
6,Maisa Silva,Instagram,Apresentadora,São Paulo,53756669,2787433,5.19,89.12
7,Luísa Sonza,Instagram,Música,Rio Grande do Sul,35567208,387330,1.09,45.54
8,Ludmilla,Instagram,Música,Rio de Janeiro,34229388,476183,1.39,78.03
9,Virginia Fonseca,TikTok,Lifestyle,São Paulo,32936053,274870,0.83,52.64
10,Casimiro,Twitch,Games/Humor,Rio de Janeiro,27992829,330889,1.18,78.12
11,Carlinhos Maia,Instagram,Humor,Alagoas,26751421,614850,2.3,71.93
12,Bruna Marquezine,Instagram,Atriz,Rio de Janeiro,24157347,233326,0.97,12.09
13,Gaules,Twitch,Games (CS:GO),São Paulo,22701506,282627,1.24,48.64
14,Marina Ruy Barbosa,Instagram,Atriz,Rio de Janeiro,17336273,443962,2.56,45.37
15,Ivete Sangalo,Instagram,Música,Bahia,15357277,643143,4.19,33.82
16,Pabllo Vittar,Instagram,Música,Maranhão,13570554,512942,3.78,68.92
17,Me Poupe! (Nathalia Arcuri),YouTube,Finanças,São Paulo,9937326,95934,0.97,3.44
18,Gusttavo Lima,Instagram,Música Sertaneja,Goiás,9517169,134286,1.41,3.9
19,Podpah (Igão e Mítico),YouTube,Podcast,São Paulo,9197443,40211,0.44,3.13
20,Nath Finanças,YouTube,Finanças,Rio de Janeiro,9153566,66287,0.72,19.58
21,Mari Maria,YouTube,Beleza,São Paulo,8852574,161813,1.83,19.45
22,Lucas Rangel,TikTok,Humor,São Paulo,8698256,104905,1.21,6.03
23,Paulo Muzy,Instagram,Fitness/Médico,São Paulo,8294150,112920,1.36,9.62
24,Sabrina Sato,Instagram,Apresentadora,São Paulo,8187926,239400,2.92,7.88
25,Fátima Bernardes,Instagram,Jornalismo,Rio de Janeiro,8038374,145574,1.81,9.53
26,Bruna Tavares,Instagram,Beleza,Minas Gerais,7455324,230078,3.09,12.32
27,AuthenticGames,YouTube,Games/Minecraft,São Paulo,7377459,175738,2.38,9.61
28,Rafael Portugal,TikTok,Humor,Rio de Janeiro,7366205,171530,2.33,19.8
29,T3ddy,YouTube,Games,São Paulo,7120868,115277,1.62,8.03
30,Flow Podcast (Igor 3K),YouTube,Podcast,São Paulo,7089806,191225,2.7,5.55
31,BRKsEDU,YouTube,Games,São Paulo,7067228,130814,1.85,14.39
32,Camilla de Lucas,Instagram,BBB/Lifestyle,Rio de Janeiro,6292423,240325,3.82,6.09
33,Luciano Huck,Instagram,Apresentador,São Paulo,5667265,33407,0.59,15.42
34,Bianca Anchieta,Instagram,Fitness,São Paulo,5476583,208349,3.8,3.12
35,Cellbit,Twitch,Games,Rio Grande do Sul,5437923,52780,0.97,14.86
36,Juliana Paes,Instagram,Atriz/Fitness,Rio de Janeiro,5137722,167752,3.27,15.19
37,Primo Rico,YouTube,Finanças,São Paulo,5041154,71291,1.41,2.63
38,Gkay,TikTok,Humor/Lifestyle,Paraíba,4684531,200017,4.27,17.01
39,Viih Tube,YouTube,Lifestyle,São Paulo,4539704,194981,4.3,5.04
40,Khaby Lame,TikTok,Humor (Silencioso),Itália/Brasil,4514944,169973,3.76,14.33
41,Bianca Andrade (Boca Rosa),TikTok,Beleza,Rio de Janeiro,3871230,158351,4.09,4.1
42,Wesley Safadão,Instagram,Música Sertaneja,Ceará,3710343,30299,0.82,12.38
43,Camila Coelho,Instagram,Beleza,Minas Gerais,3684052,251333,6.82,12.33
44,LubaTV,YouTube,Games,São Paulo,2622631,218208,8.32,17.1
45,Jazzghost,YouTube,Games,Rio Grande do Sul,2338687,152049,6.5,17.46
46,Juliette,Instagram,BBB/Lifestyle,Paraíba,1938483,150087,7.74,16.61
47,Alessandra Ambrosio,Instagram,Moda,Rio Grande do Sul,1790481,87487,4.89,3.9
48,Rezende,YouTube,Games,São Paulo,1768805,149484,8.45,15.69
49,Tatá Werneck,Instagram,Humor,Rio de Janeiro,1445199,134248,9.29,14.6
50,Karen Bachini,YouTube,Beleza,São Paulo,1192619,90058,7.55,13.95
